Speaker_Name,Start_Time,End_Time,Word_Count,Confidence,Reason,Content_Preview
Speaker 1,2025-08-18T13:26:38.997,2025-08-18T13:26:52.313,43,high,session start,"So we're gonna go ahead and get started. Um so I would ask the folks in the back who are still mingling around and chatting. Uh, if you want to con..."
Speaker 2,2025-08-18T13:27:01.097,2025-08-18T13:27:06.213,20,high,major pause (8.8s),"So Tom Patterson, Charlotte Little. We'll see you back there. OK, we're gonna need to quiet down in the back"
Not Wearing My,2025-08-18T13:27:10.663,2025-08-18T13:27:47.313,74,medium,moderate pause (4.5s),"Yeah, I, I'm not wearing my glasses. I can't see everyone, um. so our next panel, our first panel after lunch is local food access, suppliers, comm..."
Speaker 5,2025-08-18T13:27:52.83,2025-08-18T13:29:20.047,292,medium,moderate pause (5.5s),All right. Good afternoon everybody. My name's Elena Paisano. I am the approved supplier program director with the New Mexico Farmers Marketing Ass...
Speaker 6,2025-08-18T13:29:24.83,2025-08-18T13:30:50.28,283,medium,moderate pause (4.8s),"So, um, as I mentioned, the markets that are served by our New Mexico Grown Approved supplier program are what we call, you know, kind of nutrition..."
Speaker 7,2025-08-18T13:30:54.73,2025-08-18T13:32:39.08,349,medium,moderate pause (4.5s),"The approved supplier program, as I mentioned earlier, was created to be able to, uh, increase the capacity of producers wanting to sell to wholesa..."
Speaker 8,2025-08-18T13:32:43.163,2025-08-18T13:33:40.88,200,medium,moderate pause (4.1s),"an expanded way into the food is medicine programs. I'm not gonna spend too long here on the buyer side equation, but I wanted to talk a little bit..."
Speaker 9,2025-08-18T13:33:45.33,2025-08-18T13:35:08.813,280,medium,moderate pause (4.5s),"Double up food bucks. Um, I'm not gonna spend too much time on this here today other than to say, uh, we talked, I heard a lot of uh really valuabl..."
Speaker 10,2025-08-18T13:35:14.63,2025-08-18T13:36:32.313,284,medium,moderate pause (5.8s),"So today, um, we are here to make an ask and you'll continue to see me and my colleagues talking about the approved supplier program. Honestly, we ..."
Speaker 11,2025-08-18T13:36:39.696,2025-08-18T13:37:01.246,11,medium,moderate pause (7.4s) + moderate speech pattern,"Thank you very much. Uh, next up, Erin."
Speaker 13,2025-08-18T13:37:06.863,2025-08-18T13:37:24.946,76,high,pause (5.6s) + strong speech pattern,"Good afternoon, Madam Chair, members of the committee. My name is Aaron Ortigoza. I'm the food, hunger, and agriculture program manager for the New..."
Speaker 14,2025-08-18T13:37:33.163,2025-08-18T13:38:32.513,174,high,major pause (8.2s),"So as many of you are aware, the program mission really began to support the intersection of economic development in New Mexico's food and agricult..."
Speaker 15,2025-08-18T13:38:37.129,2025-08-18T13:39:42.179,200,medium,moderate pause (4.6s),"So coming up this fall, we have the food, the Healthy food financing fund's 4th grant cycle. Um, this has been made possible by the amazing investm..."
Speaker 16,2025-08-18T13:39:46.629,2025-08-18T13:41:13.846,254,medium,moderate pause (4.5s),"as was mentioned earlier, we're also part of the resilient Food System infrastructure program where a sister agency implementing with NMDA and ther..."
Speaker 17,2025-08-18T13:41:18.629,2025-08-18T13:41:56.779,132,medium,moderate pause (4.8s),So the New Mexico Healthy Food Financing Fund is our cornerstone project that that we've been running for now 4 years. This is a map of where all o...
Speaker 18,2025-08-18T13:42:01.362,2025-08-18T13:42:32.379,99,medium,moderate pause (4.6s),"an example of one of our projects is the B Street Market, which is a woman-owned grocery store in Mountainair, um, they're their project was suppo ..."
Speaker 19,2025-08-18T13:42:36.796,2025-08-18T13:42:38.746,17,medium,moderate pause (4.4s),"OK, now is the end of my presentation and I will pass it along to my colleague."
Speaker 20,2025-08-18T13:43:12.662,2025-08-18T13:49:10.245,959,high,major pause (33.9s),"So good afternoon, Madam Chair and representatives of the committee. My name is Veronica Grego, and I am the program manager for the senior and WIC..."
Speaker 21,2025-08-18T13:49:15.395,2025-08-18T13:51:28.479,392,medium,moderate pause (5.2s),"Um, I am gonna continue on the support for our producers. We approve our farmers to establish farm stands in their own communities to enhance those..."
Speaker 22,2025-08-18T13:51:32.795,2025-08-18T13:52:19.879,146,medium,moderate pause (4.3s),"um, and the one thing I would really like to share is um dis our distribution and logistics we are the first program in New Mexico to receive a ref..."
Speaker 23,2025-08-18T13:52:27.429,2025-08-18T13:52:28.212,12,medium,moderate pause (7.5s) + moderate speech pattern,Thank you very much. You're gonna want to turn off that mic
Speaker 24,2025-08-18T13:52:33.095,2025-08-18T13:52:35.079,11,medium,moderate pause (4.9s),"and our next speaker whenever you're ready, uh, switching the slides."
Speaker 25,2025-08-18T13:52:49.095,2025-08-18T13:53:10.212,67,high,major pause (14.0s),"Good afternoon, chair Stephanics and committee members. My name is Liz Anakini, and I work with the public education department as the Healthy univ..."
Speaker 26,2025-08-18T13:53:15.128,2025-08-18T13:53:38.345,76,medium,moderate pause (4.9s),"NM Grown has over a 10-year history, uh, in this, the public education department and we're really proud of the agency's role in being foundational..."
Speaker 27,2025-08-18T13:53:42.595,2025-08-18T13:54:08.078,81,medium,moderate pause (4.2s),"In universal school meals, N I Grown is a core strategy and improving meal quality in our, in our school cafeterias. We know that not only when we ..."
Speaker 28,2025-08-18T13:54:13.328,2025-08-18T13:56:02.145,289,medium,moderate pause (5.2s),"We're really proud of the reach across state agencies in the NMGrown program. So in K-12 schools, we have almost a quarter of a million students im..."
Speaker 29,2025-08-18T13:56:06.828,2025-08-18T13:56:50.312,134,medium,moderate pause (4.7s),"in early childcare, uh, they've increased to 43 centers this year, and they are piloting a new home-based daycare, um, uh, accessibility is part of..."
A Quick Snapshot,2025-08-18T13:56:55.195,2025-08-18T13:57:26.112,103,medium,moderate pause (4.9s),This is a quick snapshot at the local food data portal portal. So all three agencies use the approved supplier program and all of them use this dat...
Speaker 31,2025-08-18T13:57:31.128,2025-08-18T13:57:53.312,68,medium,moderate pause (5.0s),"What's being served in K-12 schools and other agencies through Unim Grown. Our biggest expenditure is meat with about 34%, but we do see a healthy ..."
Speaker 32,2025-08-18T13:57:58.895,2025-08-18T13:58:08.078,34,medium,moderate pause (5.6s),"What's next for Ira? Um, we are a victim of our own success, as we do outreach and increase participation. A lot of these that is resulting in smal..."
Speaker 33,2025-08-18T13:58:12.862,2025-08-18T14:00:04.745,329,medium,moderate pause (4.8s),"we also know that even with the, the vast investment that the state has made in local purchasing institutions, local purchasing power is still smal..."
Speaker 34,2025-08-18T14:00:09.428,2025-08-18T14:00:42.611,91,medium,moderate pause (4.7s),"Additionally, in Roswell, this is a great example of how using NMGrown increases scratch cooking, uh, working with raw beef requires new recipes, t..."
Speaker 35,2025-08-18T14:00:47.395,2025-08-18T14:01:04.211,59,medium,moderate pause (4.8s),"Uh, a little mixture of a grower spotlight with a school spotlight. Um, this young man, his name is Carson Stark. He first learned about Nim Grown ..."
Speaker 36,2025-08-18T14:01:08.595,2025-08-18T14:01:58.745,155,medium,moderate pause (4.4s),"And lastly, I want to um share another grower spotlight and just put in context what this can mean for a local farmers. This isn't Danny and Seas, ..."
Speaker 37,2025-08-18T14:02:03.095,2025-08-18T14:02:12.611,44,medium,moderate pause (4.3s) + moderate speech pattern,"Thank you so much for your attention today. I want to thank you all for the investments that you've made in Nim grown, um, and I, I'm grateful to b..."
Speaker 38,2025-08-18T14:02:14.928,2025-08-18T14:02:15.845,13,medium,minor pause (2.3s) + thank you transition,Thank you very much for that and uh next up we have Mario.
Speaker 39,2025-08-18T14:02:31.328,2025-08-18T14:02:42.111,40,high,major pause (15.5s),"Well, good afternoon and thanks for coming to Las Cruces. Welcome. Uh, my name is Mario Guin and, uh, I work for Laimia Food Center, which is a foo..."
Speaker 40,2025-08-18T14:02:46.661,2025-08-18T14:02:54.145,36,medium,moderate pause (4.5s),"of a Riovajo deer farming, which is located also in Antony, New Mexico, and I have been selling to the immigrant program, uh, since the beginning, ..."
Speaker 41,2025-08-18T14:02:58.861,2025-08-18T14:03:40.261,105,medium,moderate pause (4.7s),"so in La Similia Food Center, we have 6 different uh programs uh which are community farm, education, community education, storytelling, policy, an..."
Speaker 42,2025-08-18T14:03:44.795,2025-08-18T14:04:59.711,201,medium,moderate pause (4.5s),"at the Fundish program, we also uh do food safety training and connect local producers to institutional outlets, uh, sales like Las Cruces book dis..."
Speaker 43,2025-08-18T14:05:06.111,2025-08-18T14:05:57.244,126,medium,moderate pause (6.4s),"and uh let me go to next one. And I also have. to uh spotlight farmers. on the left. I have a full circle mushrooms, which is a farm that it's on L..."
Speaker 44,2025-08-18T14:06:01.394,2025-08-18T14:06:36.044,91,medium,moderate pause (4.2s),"And like you can imagine like a small scale farmers, we were a lot of different hats, where growers, entrepreneurs, accountants, marketers, educato..."
Speaker 45,2025-08-18T14:06:40.628,2025-08-18T14:07:33.511,120,medium,moderate pause (4.6s),"Uh, so the food hubs, we can do the marketing for them, we can be the educators, uh, retailers, packageet shares, and we can also do uh deliveries ..."
Speaker 47,2025-08-18T14:07:37.761,2025-08-18T14:07:38.711,10,medium,moderate pause (4.2s) + moderate speech pattern,"Thank you very much. Uh, next up we have Johannes"
Speaker 48,2025-08-18T14:07:53.861,2025-08-18T14:07:54.778,11,high,major pause (15.2s),"When you're ready, you're gonna need to turn on your mic."
Speaker 49,2025-08-18T14:07:59.061,2025-08-18T14:09:37.344,246,medium,moderate pause (4.3s),"Yeah, it's just waiting for the presentation. Um, thank you, Madam Chair, uh, members of the committee, uh, my name is Johannes Lenzer. I'm the chi..."
Speaker 50,2025-08-18T14:09:41.428,2025-08-18T14:12:16.844,397,medium,moderate pause (4.1s),"counties, uh, Catherine Hidalgo, Luna, and Grand County, but um, yeah, we've, we've expanded since then and what our program does, we're it's reall..."
Speaker 51,2025-08-18T14:12:21.161,2025-08-18T14:12:25.244,19,medium,moderate pause (4.3s),"Um, here's a quick overview, um, and sorry this presentation probably doesn't show it very well, but um yeah."
Speaker 52,2025-08-18T14:12:29.394,2025-08-18T14:13:18.411,129,medium,moderate pause (4.2s),"as you, as you can see from the markets that we have on the very right, the bar shows our total revenue over the last 3 years, um, and you can see ..."
Speaker 53,2025-08-18T14:13:22.594,2025-08-18T14:14:55.977,252,medium,moderate pause (4.2s),"what does it look like on a day to day basis, so we operate two vans, uh, we are renting a box truck right now. These are all refrigerated. Um, we ..."
Speaker 54,2025-08-18T14:15:00.594,2025-08-18T14:16:34.544,279,medium,moderate pause (4.6s),"and uh here's a emergency food delivery. We're able to do in collaboration with Veronica and the Governor's office last year, and Riodoso Mescalero..."
Speaker 55,2025-08-18T14:16:41.044,2025-08-18T14:17:02.11,70,medium,moderate pause (6.5s) + moderate speech pattern,"Thank you, Mr. Chair. um, Senator Ant Thornton from the East Mountains of Albuquerque, um, Bernalillo Sandoval, Torrance County, and Santa Fe Count..."
Speaker 57,2025-08-18T14:17:04.627,2025-08-18T14:17:11.51,35,medium,minor pause (2.5s) + thank you transition,"Thank you all, um, Joseph Cervantes, I represent Senate District 31, which is if you look out that window at center 31 goes all the way down to El ..."
Speaker 58,2025-08-18T14:17:18.594,2025-08-18T14:17:32.177,49,medium,moderate pause (7.1s) + moderate speech pattern,"Thank you, Senator, and, um, uh, just last, uh, before we go to questions, last call on food, uh, the lunch was delicious, uh, so if you, uh, haven..."
Speaker 59,2025-08-18T14:17:34.627,2025-08-18T14:19:40.144,356,medium,minor pause (2.5s) + thank you transition,"Thank you, Mr. Chair. Hey everybody, good afternoon. Thanks for being here today So I kind of asked the same question every time I have folks like ..."
Speaker 60,2025-08-18T14:19:44.894,2025-08-18T14:20:44.177,228,medium,moderate pause (4.8s),"Hi there. Um, thank you, Senator for the question. Um, as my colleague Liz mentioned, we do have the local foods data portal and so as soon as I'm ..."
Speaker 61,2025-08-18T14:20:44.26,2025-08-18T14:23:02.91,497,high,strong speech pattern,"Thank you. Well, yeah, and I would love some more information on just how I can connect producers and it's a little overwhelming because there's so..."
Speaker 62,2025-08-18T14:23:03.227,2025-08-18T14:23:04.077,11,high,strong speech pattern,Thank you all for your time. Appreciate what you do. Thanks.
Speaker 63,2025-08-18T14:23:07.493,2025-08-18T14:23:13.51,18,high,pause (3.4s) + strong speech pattern,"Thank you. Thank you, Senator. Our next up for questions is chair Stephanics."
Speaker 65,2025-08-18T14:23:16.66,2025-08-18T14:23:36.01,52,medium,minor pause (3.1s) + thank you transition,thank you all for doing this collaboration. I think that as you collaborate the efforts have just gotten stronger and it's great to see that over t...
Speaker 66,2025-08-18T14:23:40.893,2025-08-18T14:24:03.843,56,medium,moderate pause (4.9s),"um, I'd like to ask, uh, I appreciate also, Mr. Chair, the very specific requests and what they're for because it's not too early to start thinking..."
Speaker 67,2025-08-18T14:24:09.393,2025-08-18T14:27:16.61,512,medium,moderate pause (5.5s),"I guess so, OK, let's try that again. I think I can click back maybe. Uh, Madam Chair, um, members of the committee, yeah, so this, this map here, ..."
Speaker 68,2025-08-18T14:27:17.093,2025-08-18T14:27:24.576,16,high,strong speech pattern,Thank you. So I'm going to um ask that you all discuss this a little further.
Speaker 69,2025-08-18T14:27:28.926,2025-08-18T14:28:00.243,102,medium,moderate pause (4.3s),when a few years back there were members of the Senate who said we don't have any food distribution in our county. and we had to prove to them that...
Speaker 70,2025-08-18T14:28:03.126,2025-08-18T14:29:12.71,196,medium,minor pause (2.9s) + thank you transition,"Thank you. Uh, next we'll go to Representative Montoya, and I'll turn it back to the vice chair. Thank you, Mr. Chairman Um I have a a series of qu..."
Speaker 71,2025-08-18T14:29:15.293,2025-08-18T14:33:24.709,848,high,pause (2.6s) + strong speech pattern,"So, uh, thank you, um, Mr. Chairman. Um, so this, uh, approved supplier program. how do people and by the way, I'm assuming this is a statewide pro..."
Speaker 72,2025-08-18T14:33:28.693,2025-08-18T14:33:43.943,46,high,pause (4.0s) + strong speech pattern,"Um, thank you, uh, Mr. Chairman. So, um, the other partners that are sitting at the table, um, anyone who wants to be on to work with any one of th..."
Speaker 73,2025-08-18T14:33:49.293,2025-08-18T14:33:50.709,9,medium,moderate pause (5.3s),and frontier Food Hub are all nonprofit organizations. so.
Speaker 74,2025-08-18T14:33:55.126,2025-08-18T14:34:00.343,24,medium,moderate pause (4.4s),"so for for someone for a farmer to make an agreement with them? Do they have to be on this, uh, approved supplier program."
Speaker 75,2025-08-18T14:34:05.193,2025-08-18T14:35:22.809,277,medium,moderate pause (4.8s),"Another excellent question, um, so we recognize the food hubs as all being, you know, autonomous businesses, and so we work with the food hubs to e..."
Speaker 76,2025-08-18T14:35:25.726,2025-08-18T14:36:49.609,197,high,pause (2.9s) + strong speech pattern,"So thank you, um, Mr. Chairman. So, um, uh, Ms. Pizano, uh, um, and maybe I should redirect this question, um, uh, Liz. how do you pronounce your l..."
Speaker 77,2025-08-18T14:36:54.626,2025-08-18T14:36:58.109,11,medium,moderate pause (5.0s),my concern is this there doesn't seem to be oversight on
Speaker 78,2025-08-18T14:37:02.626,2025-08-18T14:37:09.309,31,medium,moderate pause (4.5s),"price controls and if this is things that we're asking taxpayers to pay for. how do we end up, uh, I mean, I, I've heard criticisms in the past of uh"
Speaker 79,2025-08-18T14:37:13.726,2025-08-18T14:37:18.809,22,medium,moderate pause (4.4s),"uh the military paying $500 for a toilet seat. How, how do we, how are we making sure that that's not happening."
Gonna Also,2025-08-18T14:37:22.893,2025-08-18T14:38:06.142,140,medium,moderate pause (4.1s),"I'm gonna also, um, turn this back to Lena after I give my response, um, but although farmers set their prices, those prices aren't, the schools ar..."
Speaker 81,2025-08-18T14:38:10.892,2025-08-18T14:40:00.509,389,medium,moderate pause (4.8s),"Sure, thanks. Um, yeah, I think I, you raise a really, a really good point, and that is actually why we created the local food data portal to ensur..."
Speaker 82,2025-08-18T14:40:04.592,2025-08-18T14:40:12.476,33,medium,moderate pause (4.1s) + moderate speech pattern,"Thank you, Mr. Chairman. Um, and by the way, if my wife is listening in, they were worth every bit of the $1000 we paid for the. um I, I am wonderi..."
Speaker 83,2025-08-18T14:40:17.192,2025-08-18T14:40:19.709,13,medium,moderate pause (4.7s),"uh, we, most of our communities have some form of organic food available"
Speaker 84,2025-08-18T14:40:24.992,2025-08-18T14:40:56.376,83,medium,moderate pause (5.3s),"Are we within how how do we know that we're in the range, uh, I, I mean, still we're talking about in the last several committees I've been in are ..."
Speaker 85,2025-08-18T14:41:00.826,2025-08-18T14:41:14.276,37,medium,moderate pause (4.5s),"who are paying the bills, just making sure that we're, that we're first off paying a fair price not overpaying and then also um um Ms. Pizano, the ..."
Speaker 86,2025-08-18T14:41:18.892,2025-08-18T14:44:12.542,582,medium,moderate pause (4.6s),that since we're dealing with nonprofit organizations that are overseeing much of the program. How do we know that we're not choosing this friend o...
Speaker 87,2025-08-18T14:44:15.192,2025-08-18T14:44:47.875,98,medium,minor pause (2.6s) + thank you transition,"Thank you, uh, Mr. Chairman, and Ms. Francini, I wasn't talking about the, the other end up with the grants. I was talking about the other way from..."
Speaker 88,2025-08-18T14:44:53.292,2025-08-18T14:45:26.309,95,medium,moderate pause (5.4s),"that we, uh, end up, uh pricing ourselves out of even being involved in this. and uh um and and the sec, I guess the second part is you also, you, ..."
Speaker 90,2025-08-18T14:45:28.792,2025-08-18T14:45:40.142,39,medium,minor pause (2.5s) + thank you transition,"Thank you, Representative. Uh, so we started this panel about a half hour late we're, we're keeping pace. We're still on pace, but we do have 3 peo..."
Speaker 91,2025-08-18T14:45:42.625,2025-08-18T14:48:46.242,483,medium,minor pause (2.5s) + thank you transition,"Thank you, Chair, and thank you very much for your presentation, um, and, and full transparency and I don't want to miss an opportunity to brag abo..."
Speaker 92,2025-08-18T14:48:50.625,2025-08-18T14:50:06.308,222,medium,moderate pause (4.4s),"which farm, um, uh, a buyer wants to buy from, right? And that is also a relationship piece that we help facilitate, but we do not control it. We d..."
Speaker 93,2025-08-18T14:50:10.892,2025-08-18T14:50:49.775,107,medium,moderate pause (4.6s),"and our public school systems and then also individuals I know I was just at my local farmers' market, and the, the farmers were thrilled that our ..."
Speaker 95,2025-08-18T14:50:51.192,2025-08-18T14:51:02.842,38,high,pause (1.4s) + strong speech pattern,"Chair, and thank you very much. I'm just, uh, New Mexico health food, uh, financing fund. How do I tell my farmers, where do you where do I find yo..."
Speaker 96,2025-08-18T14:51:05.592,2025-08-18T14:52:51.058,289,medium,minor pause (2.8s) + thank you transition,"Thank you, Madam Chair Representative Kates, um, so this the Healthy Food financing Fund is part of the New Mexico Economic Development Department'..."
Speaker 97,2025-08-18T14:52:59.358,2025-08-18T14:53:02.542,14,high,major pause (8.3s),"Mr. Chair, Representative Cates, uh, yeah, that's uh that sounds like an easy question"
Speaker 98,2025-08-18T14:53:06.625,2025-08-18T14:53:27.975,60,medium,moderate pause (4.1s),"but, um, so they're currently and I'm, I hope I'm not gonna miss anybody, but in addition to us and we're located in Silver City and La Semia who's..."
Speaker 99,2025-08-18T14:53:33.092,2025-08-18T14:53:43.642,31,medium,moderate pause (5.1s),"um, and then we have uh San Juan College, Harvest Food Hub, um, up at the college, um, and we have Ogallala Commons in uh with a location in Ratton..."
Speaker 100,2025-08-18T14:53:49.325,2025-08-18T14:55:06.108,200,medium,moderate pause (5.7s),"Mexico, and New Mexico harvest also in Albuquerque with a cold storage facility. Am I forgetting anybody? La Montanita Co op Distribution Service, ..."
Speaker 101,2025-08-18T14:55:10.591,2025-08-18T14:55:36.308,78,medium,moderate pause (4.5s),"a free market, um, uh, being able to allow farmers to find economic revenue year-round, whether it is with um WIC and state agencies or or or food ..."
Speaker 102,2025-08-18T14:55:39.158,2025-08-18T14:55:46.041,24,high,pause (2.9s) + strong speech pattern,"Thank you, Representative Kates. Uh, so we're now 45 minutes behind schedule. We still have two questioners. Uh, next up, representing Rory Ball Ca..."
Speaker 103,2025-08-18T14:55:48.858,2025-08-18T14:57:28.308,253,medium,minor pause (2.8s) + thank you transition,"Thank you, Mr. Chair, and thank you for all of you, um, for presenting. I had the opportunity to hear some of the presentations pre-COVID and post-..."
Speaker 104,2025-08-18T14:57:34.775,2025-08-18T15:00:46.641,676,medium,moderate pause (6.5s) + moderate speech pattern,"Thank you for the question, Representative. Um, and so, uh, I'm gonna try to be as brief as I can with my response to your very complex question, u..."
Speaker 105,2025-08-18T15:00:49.358,2025-08-18T15:01:44.274,143,medium,minor pause (2.7s) + thank you transition,"Thank you, Mr. Chair. So, um you mentioned health and I forget a few other things that I think are very important. So how do we measure whether the..."
Speaker 106,2025-08-18T15:01:48.858,2025-08-18T15:02:04.341,75,medium,moderate pause (4.6s),"I'll give a couple words and then hand it over, um, we look at do they come back? Do the buyers come back to the producers come back? Was it worth ..."
Speaker 107,2025-08-18T15:02:10.641,2025-08-18T15:04:02.641,285,medium,moderate pause (6.3s),"Madam Chair Representative Caballero, um, for the Wiccan Senior Farmers Market nutrition program. This year is our first year that we're going to i..."
Speaker 108,2025-08-18T15:04:07.191,2025-08-18T15:04:28.141,62,medium,moderate pause (4.5s),"Did someone else wanna answer? Just go ahead, just briefly, yes, sure, uh, I mean, the short answer is yes, especially, uh, since like, like I ment..."
Speaker 109,2025-08-18T15:04:30.691,2025-08-18T15:04:56.974,90,medium,minor pause (2.5s) + thank you transition,"Thank you and then just for something you can continue to provide us, um, as a sort of as a follow up as we develop uh budgets and finance and all ..."
Speaker 112,2025-08-18T15:05:03.374,2025-08-18T15:05:09.674,19,medium,moderate pause (6.4s),"Is that it, Representative Thank you, Representative. Uh, our last questioner is Representative Armstrong."
Speaker 114,2025-08-18T15:05:10.724,2025-08-18T15:07:04.374,306,high,pause (1.1s) + strong speech pattern,"thank you for your presentation. My first question, is there one place where someone can go to find all of your information. New MexicoGirn.org web..."
Speaker 115,2025-08-18T15:07:08.657,2025-08-18T15:07:30.541,63,medium,moderate pause (4.3s),"couple of ranchers out of uh Pie Town, um, yeah, so we, we are in, in, in your area and yes, uh we also work with retail stores, so, um, cooperativ..."
Speaker 117,2025-08-18T15:07:32.691,2025-08-18T15:07:46.441,45,medium,minor pause (2.1s) + thank you transition,"Thank you, observative, uh, and Representative Dow briefly. Thank you, Mr. Chair, and, and Representative Armstrong's question made me ask a questi..."
Speaker 118,2025-08-18T15:07:50.724,2025-08-18T15:08:50.207,163,medium,moderate pause (4.3s),"OK, so, um, rep, um, Mr. Chair, Representative Dao, the National Center for Frontier Communities is our 501c3 organization, the Frontieroohu is one..."
Speaker 119,2025-08-18T15:08:54.657,2025-08-18T15:09:04.307,27,medium,moderate pause (4.5s),"is what we help um fund our program with an addition to various grants and contracts. Federal funds, state funds, um, and, uh, yeah, private founda..."
Speaker 120,2025-08-18T15:09:08.991,2025-08-18T15:09:09.941,9,medium,moderate pause (4.7s) + moderate speech pattern,"Thank you, Mr. Chair. I said I'd be brief."
Speaker 121,2025-08-18T15:09:12.624,2025-08-18T15:09:23.974,37,medium,minor pause (2.7s) + thank you transition,"Thank you, Representative, and thank you very much to the panel. Uh, we appreciate you, uh, coming down to Las Cruces and providing an informationa..."
Speaker 122,2025-08-18T15:09:28.924,2025-08-18T15:09:42.707,37,medium,moderate pause (5.0s) + moderate speech pattern,"Thank you very much. We're now on to the 4th panel. So if you would come forward, uh, Sarita Nair is gonna be on a video. uh John Taylor Montoya, M..."
Speaker 123,2025-08-18T15:09:53.424,2025-08-18T15:09:54.341,8,high,major pause (10.7s),and we'll go in that order as well.
Speaker 124,2025-08-18T15:10:03.591,2025-08-18T15:10:07.874,9,high,major pause (9.2s),Just sit wherever you want Just to read on
Speaker 125,2025-08-18T15:10:12.757,2025-08-18T15:10:56.44,97,medium,moderate pause (4.9s),"Yes, yes. OK, Secretary Saria Nair, would you like to, uh, start off this topic is water and natural resources workforce Development Part one, beca..."
Speaker 126,2025-08-18T15:11:03.224,2025-08-18T15:11:06.74,20,medium,moderate pause (6.8s),"Yes, they can, and everybody has 5 to 7 minutes on this panel so that we have time for questions."
Gonna Go Fast,2025-08-18T15:11:10.757,2025-08-18T15:15:16.407,748,medium,moderate pause (4.0s),"Great. I'm gonna go fast, um, but I, I think that, um, so thank you for the opportunity to present on the agricultural sector strategy update. Um, ..."
Speaker 128,2025-08-18T15:15:20.657,2025-08-18T15:20:02.24,817,medium,moderate pause (4.2s),"So we had our first scepter strategy meeting in Las Cruces a couple of weeks ago, and the initial findings were, were very interesting, um, but I, ..."
Speaker 129,2025-08-18T15:20:06.023,2025-08-18T15:20:06.94,8,medium,minor pause (3.8s) + thank you transition,"Thank you, Secretary. You'll be around for questions."
Speaker 130,2025-08-18T15:20:12.89,2025-08-18T15:20:23.54,25,medium,moderate pause (6.0s),"Yes, ma'am. Thank you. OK, so do we have, um, John Taylor here? OK. are you related to somebody in Mesa OK. please go ahead"
Speaker 131,2025-08-18T15:20:33.257,2025-08-18T15:21:00.373,69,high,major pause (9.7s),"Madam Chair, members of the committee, thank you so much for, uh, providing us the opportunity to speak about uh our archaeological field training ..."
Speaker 132,2025-08-18T15:21:05.423,2025-08-18T15:22:24.706,208,medium,moderate pause (5.0s),"incorporated into HB2 as an appropriation, and so we have, uh, an appropriation to develop and deliver an archaeological field training program sta..."
Speaker 133,2025-08-18T15:22:30.59,2025-08-18T15:24:17.973,273,medium,moderate pause (5.9s),"and to provide a little bit of background, uh, for anybody who's not been directly involved in cultural resource permitting and compliance. You may..."
Speaker 134,2025-08-18T15:24:24.856,2025-08-18T15:25:32.106,173,medium,moderate pause (6.9s),"So the the need, uh, for a program like this, um, stems from a current uh, situation with the workforce uh in New Mexico and really nationwide a uh..."
Speaker 135,2025-08-18T15:25:36.656,2025-08-18T15:26:04.273,72,medium,moderate pause (4.5s),"address some of these concerns, uh, the program that we're developing and plan to deliver this fall. uh is a combination of classroom training as w..."
Speaker 136,2025-08-18T15:26:08.823,2025-08-18T15:26:46.306,93,medium,moderate pause (4.5s),"uh, portion, uh, followed by an infield, uh hands-on practice, uh, component And then, uh, once, uh, the trainees complete that, then we would like..."
Speaker 137,2025-08-18T15:26:50.923,2025-08-18T15:28:19.606,230,medium,moderate pause (4.6s),"They will be evaluated using a concept uh that was uh proposed by um one of our federal partners, uh, which are, are taskbooks, and that'll be a wa..."
Speaker 138,2025-08-18T15:28:21.289,2025-08-18T15:28:27.873,9,high,pause (1.7s) + strong speech pattern,"Thank you. Thank you OK, moving on, Max Hinkel."
Speaker 139,2025-08-18T15:28:33.256,2025-08-18T15:28:34.539,12,medium,moderate pause (5.4s),"Yeah, Fults, pick it up, put it in front of you. yep."
Speaker 140,2025-08-18T15:28:38.623,2025-08-18T15:28:41.373,16,medium,moderate pause (4.1s),"No, not until you push the button to with the red light. No. there you go"
Speaker 141,2025-08-18T15:28:45.523,2025-08-18T15:29:07.739,56,medium,moderate pause (4.2s) + moderate speech pattern,"Thank you, um, Madam Chair, committee members, um, my name is Max Hinkel, and I'm a, um, division director for the New Mexico Department of Ags, um..."
Speaker 142,2025-08-18T15:29:14.623,2025-08-18T15:30:50.106,252,medium,moderate pause (6.9s),"So the agg Workforce development or um AWD is the acronym for that, um. came from the agricultural Workforce Development Act, um, which the legisla..."
Speaker 143,2025-08-18T15:30:56.623,2025-08-18T15:32:06.673,193,medium,moderate pause (6.5s),"So just to kind of give an overview to to the programs, you know, um, a little over 5 years old, um, so currently we have recurring funding of $125..."
Speaker 144,2025-08-18T15:32:10.789,2025-08-18T15:32:18.039,28,medium,moderate pause (4.1s),"and yeah, and you can see on FY 23 we did receive a boost from the governor's food initiative funding, um, since then we've generally been at 125,000."
Speaker 145,2025-08-18T15:32:25.489,2025-08-18T15:33:02.073,99,medium,moderate pause (7.5s),"So the next slide is just kind of giving a sense of the geographic spread of the internships so far, um. just with the number of interns per county..."
Speaker 146,2025-08-18T15:33:11.556,2025-08-18T15:34:05.372,156,high,major pause (9.5s),"So we have a pretty diverse spread of agricultural businesses that have um access to our program, um, so I just provided a few um examples, but we ..."
Speaker 147,2025-08-18T15:34:12.956,2025-08-18T15:34:41.572,91,medium,moderate pause (7.6s),"So currently our FY 26 application cycle is um still open and we we really um keep it open until the funding's fully allocated, um, because we have..."
Speaker 148,2025-08-18T15:34:47.456,2025-08-18T15:35:07.939,57,medium,moderate pause (5.9s),"And uh lastly, just wanted to touch on um what the um secretary referred to with the um interagency partnership for the targeted solutions for the ..."
Speaker 149,2025-08-18T15:35:12.656,2025-08-18T15:35:23.639,32,medium,moderate pause (4.7s),"And uh my last slide just has contact information for myself, um, and, um, other leadership positions at NMDA. Thank you very much for your time."
Speaker 151,2025-08-18T15:35:31.522,2025-08-18T15:35:40.172,31,medium,moderate pause (7.9s),"Madam Chair and members of the committee, thank you very much for uh bringing this together. We're really excited to be here and um I think as John..."
Speaker 152,2025-08-18T15:35:44.922,2025-08-18T15:36:19.872,110,medium,moderate pause (4.8s),was a House Bill 315 that gave us the uh ability to uh start putting together this archaeological field school and um I know Representative Doo had...
Speaker 153,2025-08-18T15:36:24.822,2025-08-18T15:36:41.739,55,medium,moderate pause (5.0s),"about 20 years, um, NMACD has 11 contracts right now with private firms, um, that are on that Shippo approved list, um, but then there is circumsta..."
Speaker 154,2025-08-18T15:36:46.656,2025-08-18T15:37:26.572,124,medium,moderate pause (4.9s),"uh, over the last 2021, um, our state association is hired firms to do 58 cultural survey projects and uh this year so far we've got 12 contracts w..."
Speaker 155,2025-08-18T15:37:31.222,2025-08-18T15:38:04.772,112,medium,moderate pause (4.7s),"for the past 30 years, we've actually been working with USD and the Bureau of Land Management, and this, this problem of not having enough archaeol..."
Speaker 156,2025-08-18T15:38:08.956,2025-08-18T15:39:18.439,239,medium,moderate pause (4.2s),"So, um, there is a huge need to to do this. It's a critical need. The workforce solutions we've been trying to figure out how we can tie it into th..."
Speaker 157,2025-08-18T15:39:22.589,2025-08-18T15:40:49.905,268,medium,moderate pause (4.2s),"9 million was, um, appropriated for the soil and water districts over 3 years in House Bill 2 to help build capacity and um help us hire technical ..."
Speaker 158,2025-08-18T15:40:54.822,2025-08-18T15:42:52.505,348,medium,moderate pause (4.9s),"for RFP. It's a four-year contract and so our state association helps, uh, recruit and find these people and we don't, if we're hiring in Catering ..."
Speaker 160,2025-08-18T15:42:55.289,2025-08-18T15:42:58.505,14,medium,minor pause (2.8s) + thank you transition,"Thank you very much and now Monica Torres, the Chancellor for Donana Community College."
Speaker 161,2025-08-18T15:43:03.755,2025-08-18T15:45:04.138,386,high,pause (5.2s) + strong speech pattern,"Good afternoon, Madam Chair. Members of the committee, thank you for the opportunity to speak with you today. Uh, while I'm the administrative lead..."
Speaker 162,2025-08-18T15:45:08.988,2025-08-18T15:49:40.505,933,medium,moderate pause (4.8s),"One of the things that I think is important to think about is, is, OK, well, where does this take people who get this degree? What kinds of, what k..."
Speaker 163,2025-08-18T15:49:43.422,2025-08-18T15:49:54.505,30,medium,minor pause (2.9s) + thank you transition,"Thank you very much. Uh, so far I have Senator Steinborn, others. that have a question or comment? Representative Samora, Kates, uh, Thornton. who ..."
Speaker 164,2025-08-18T15:49:59.455,2025-08-18T15:51:12.471,185,medium,moderate pause (5.0s),"OK, we have a long list. So Senator Steinborn, please, thank you, Madam Chair. I'm glad I got on the list before the great debate society here betw..."
Speaker 165,2025-08-18T15:51:16.655,2025-08-18T15:51:38.205,78,medium,moderate pause (4.2s),"Madam Chair, uh, members of the committee, Senator, what would need to happen is there would need to be a trigger, um, and so, uh, they would have ..."
Speaker 166,2025-08-18T15:51:40.655,2025-08-18T15:52:04.438,83,medium,minor pause (2.5s) + thank you transition,"Thank you. And then thank you, ma'am Chair, and in spite of my last famous last name, you know, I. I'm in the nonprofit world, so I'm not asking yo..."
Speaker 167,2025-08-18T15:52:08.655,2025-08-18T15:52:34.371,69,medium,moderate pause (4.2s),"Madam Chair, members of the committee, Senator, um, we often work also with the general public, um, but more on an outreach and education, um, as p..."
Speaker 168,2025-08-18T15:52:39.721,2025-08-18T15:52:43.571,19,medium,moderate pause (5.3s),"OK. Thank you. Um, and your, how many people do you employ right now who do this? Got you."
Speaker 169,2025-08-18T15:52:48.655,2025-08-18T15:53:41.305,160,medium,moderate pause (5.1s),"Uh, Madam Chair, um, senator, are you asking how many people are in my agency or, or how many do we plan to train through the program. Well, that's..."
Speaker 170,2025-08-18T15:53:43.621,2025-08-18T15:55:28.204,318,medium,minor pause (2.3s) + thank you transition,"Thank you. Two other quick questions, um, ma'amer, do you, um, do you have to have any experience in order to be accepted in this. I've got a. cons..."
Speaker 171,2025-08-18T15:55:32.621,2025-08-18T15:55:42.371,37,medium,moderate pause (4.4s),"Madam Chair, Senator, uh, not necessarily for us, but, you know, of course, you know, as a prac you know, as a performing uh organization, I do som..."
Speaker 172,2025-08-18T15:55:46.921,2025-08-18T15:56:45.738,187,medium,moderate pause (4.5s),"anybody who I train on here, um, who essentially graduates from this training, um, I would want them to of course satisfy my requirements for a fie..."
Speaker 173,2025-08-18T15:56:50.988,2025-08-18T15:56:57.004,22,medium,moderate pause (5.2s),"gentleman, um, your internship program, what are the parameters of that? How long do you how long can an internship last? That's."
Speaker 174,2025-08-18T15:57:01.888,2025-08-18T15:57:39.804,89,medium,moderate pause (4.9s),"Uh, Madam Chair, uh, um, Senator, um, internships can be, um, so the minimum is 130 hours and um they're happy within the fiscal year, um, and so i..."
Speaker 179,2025-08-18T15:57:40.121,2025-08-18T15:57:51.271,29,high,strong speech pattern,"thank you presenters. Uh, a lot of important work for the community is sitting right at this table and uh I, I do have a question about, about the"
Speaker 180,2025-08-18T15:57:57.754,2025-08-18T16:00:11.438,325,medium,moderate pause (6.5s),"about the uh archaeologist. who is that state law or federal law that we're following when we're, we're doing our our uh arch sites miniature Man a..."
Speaker 181,2025-08-18T16:00:17.538,2025-08-18T16:00:46.804,85,medium,moderate pause (6.1s),"I understand the reasoning behind it. But at the same time, I wonder if we shouldn't revisit. the rules at some point in time. And, and I wonder, d..."
Speaker 183,2025-08-18T16:00:50.988,2025-08-18T16:01:28.304,121,medium,moderate pause (4.2s),"So I, I could only speak to, you know, my experiences and, and I do want to stay focused on this particular program. I, I will just say at the outs..."
Speaker 184,2025-08-18T16:01:32.587,2025-08-18T16:03:44.537,352,medium,moderate pause (4.3s),"the, the laws and the rules of regulations are always under review and, um, discussion and, um, I do know that there are processes in place in vari..."
Speaker 185,2025-08-18T16:03:48.687,2025-08-18T16:06:32.87,553,medium,moderate pause (4.2s),"I believe in Fort Sumner, they turned around and hired right back. the technician that was doing it that retired from the job, and he'd been doing ..."
Speaker 186,2025-08-18T16:06:34.887,2025-08-18T16:07:23.037,129,medium,minor pause (2.0s) + thank you transition,"thank you for your presentation, Madam Chair, that concludes my comments and questions. Thank you, Representative. Uh, before we, um, have individu..."
A True Um,2025-08-18T16:07:27.487,2025-08-18T16:08:18.837,140,medium,moderate pause (4.5s),"that this is a true um position within your community and in the future if you want to have a rural life, this is a great way to be able to provide..."
Speaker 189,2025-08-18T16:08:23.687,2025-08-18T16:08:52.737,97,medium,moderate pause (4.8s) + moderate speech pattern,"Thank you, uh, Senator Thornton Thank you, Madam Chair Um I, I, two of my questions I think were already answered. The first one is with regards to..."
Speaker 190,2025-08-18T16:08:57.387,2025-08-18T16:09:20.604,79,medium,moderate pause (4.7s),"The regulatory requirements are what triggered the archaeological study, um, and so that's when a contractor or a, you know, a service provider lik..."
Speaker 191,2025-08-18T16:09:23.554,2025-08-18T16:10:34.837,210,medium,minor pause (3.0s) + thank you transition,"Thank you for that, Madam Chair, so, so. and I think Representative Zamora was getting to this point. If, if I want to build a road, let's say thro..."
Speaker 192,2025-08-18T16:10:38.954,2025-08-18T16:11:56.57,282,medium,moderate pause (4.1s) + moderate speech pattern,"Thank you for that. Uh, uh, Madam Chair, I, I'm just concerned a little bit because I do know those things can take a while and if you're, you're w..."
Speaker 193,2025-08-18T16:11:59.12,2025-08-18T16:12:12.337,46,medium,minor pause (2.5s) + thank you transition,"Thank you for that. I, I was just hoping that, you know, 90% do because we obviously need more farmers, so, uh, yeah, any number you can give me, I..."
Speaker 196,2025-08-18T16:12:21.353,2025-08-18T16:12:34.303,20,high,major pause (9.0s),"Thank you, Madam Chair And I guess this, uh this question should be directed to Doctor Montonio."
Speaker 198,2025-08-18T16:12:39.42,2025-08-18T16:12:53.903,28,medium,moderate pause (5.1s),50 sections of Southeast New Mexico. I would speculate has been surveyed at least once. So to what extent does our current public policy regulation...
Speaker 199,2025-08-18T16:12:58.62,2025-08-18T16:13:03.703,14,medium,moderate pause (4.7s),resurveying these tracks with every new project when that data may already be available.
Speaker 200,2025-08-18T16:13:09.187,2025-08-18T16:14:32.97,209,medium,moderate pause (5.5s),"Madam Chair, members of the committee, Senator, um, that's a very interesting question. Um, so in, in in the Permian Basin area of the southeastern..."
Speaker 201,2025-08-18T16:14:39.003,2025-08-18T16:14:44.403,13,medium,moderate pause (6.0s),"And Madam Chair, Doctor, is there a centralized database and perhaps GIS format."
Speaker 202,2025-08-18T16:14:48.887,2025-08-18T16:15:30.603,104,medium,moderate pause (4.5s),"that outlines where all of these previous surveys have occurred. uh, Madam Chair, members of the committee, Senator, uh, yes, there is a centralize..."
Speaker 203,2025-08-18T16:15:35.22,2025-08-18T16:15:48.537,21,medium,moderate pause (4.6s),"And last question, Madam Chair, how old does a does a an artifact have to be to be considered archaeologically. significant"
Speaker 204,2025-08-18T16:15:52.653,2025-08-18T16:16:36.37,110,medium,moderate pause (4.1s),"Uh, Madam Chair, members of the committee, Senator, that's a very interesting question. Um, and so there's, there's actually a regulatory uh preced..."
Speaker 205,2025-08-18T16:16:39.187,2025-08-18T16:16:41.203,12,medium,minor pause (2.8s) + thank you transition,"Thank you, sir, for your answers. That's all I had, Madam Chair."
Speaker 206,2025-08-18T16:16:45.12,2025-08-18T16:18:03.17,215,medium,minor pause (3.9s) + thank you transition,Thank you very much. So I would like to thank this panel very much for your presentation and um you've raised a lot of questions. I think this cert...
Speaker 207,2025-08-18T16:18:16.053,2025-08-18T16:18:20.836,11,high,major pause (12.9s),Rest of the clothes. I guess you're gonna bump into equipment.
Speaker 208,2025-08-18T16:18:29.186,2025-08-18T16:18:32.17,10,high,major pause (8.3s),"OK, this topic is in-state meat processing progress and challenges."
Speaker 209,2025-08-18T16:18:37.42,2025-08-18T16:19:35.67,151,medium,moderate pause (5.2s),"And let's start with um is it Kayla or Kayla? Kayla and uh then we'll go to Nicholas, Michelle, John, and Manny. Manny's not here. Yeah, Mandy's he..."
Speaker 210,2025-08-18T16:19:43.586,2025-08-18T16:19:50.42,15,medium,moderate pause (7.9s),program director and myself. I guess next slide please or what what is it? Down?
Speaker 211,2025-08-18T16:19:54.653,2025-08-18T16:20:23.67,81,medium,moderate pause (4.2s),"There we go. Thank you. So the background, very brief. So our state our state meat and poultry program, um, must be at least equal to the USDA FSIS..."
Speaker 212,2025-08-18T16:20:28.62,2025-08-18T16:21:56.67,227,medium,moderate pause (5.0s),"statute NMSA 25222 and our new rule promulgation under the NMAC 2132 to maintain that status. Our ultimate goal here, the takeaway goal for our pro..."
Speaker 213,2025-08-18T16:22:00.886,2025-08-18T16:23:17.203,182,medium,moderate pause (4.2s),"So our future milestones, which we're excited for is our program is anticipating to sign the cooperative agreement with FSIS in the very near futur..."
Speaker 214,2025-08-18T16:23:21.453,2025-08-18T16:23:39.836,58,medium,moderate pause (4.2s),"assessments and enforcement when compliance is a concern. and there is our contact information. If anybody would like to take a picture, I also hav..."
Speaker 215,2025-08-18T16:23:59.386,2025-08-18T16:24:52.803,132,high,major pause (19.6s),"OK Hello, Madam Chair Members of the committee, my name is Nicholas Frazzini. I am an agriculture marketing specialist with the marketing and Devel..."
Speaker 216,2025-08-18T16:24:58.619,2025-08-18T16:25:28.969,83,medium,moderate pause (5.8s),"provided uh travel cost shares uh for processors to attend the annual American Association of Meat Processors, which is Amp, uh, convention and tra..."
Speaker 217,2025-08-18T16:25:33.153,2025-08-18T16:26:06.769,77,medium,moderate pause (4.2s),"Just kind of paint the picture, uh, thanks to the statistics from the 2024 um Astats bulletin. Um, this is an industry snapshot. So the livestock v..."
Speaker 218,2025-08-18T16:26:13.419,2025-08-18T16:26:45.736,81,medium,moderate pause (6.7s),"Dairy I decreased 4% to 240 head and beef cows unchanged at 450,000 head. Those numbers are within that 1.28. Gross income, 1.9 billion, which was ..."
Speaker 219,2025-08-18T16:26:50.919,2025-08-18T16:26:58.969,26,medium,moderate pause (5.2s),"gross income, 447,000 commercial slaughter 2900 head. Also provided the rankings in the US of our top commodities and we're about milk and beef sta..."
Speaker 220,2025-08-18T16:27:04.586,2025-08-18T16:27:21.903,58,medium,moderate pause (5.6s),"It's a hot topic right now, so I wanted to provide a current beef prices. This is just looking at hamburger, the 80/20 blend, um, but right now it'..."
Speaker 221,2025-08-18T16:27:27.353,2025-08-18T16:28:42.369,169,medium,moderate pause (5.5s),"and the new world screwworm. This is our uh New Mexico meat processing, um, map that we have on the NMDA website, um, you can click on it, provides..."
Speaker 222,2025-08-18T16:28:52.986,2025-08-18T16:29:26.436,74,high,major pause (10.6s),"So right now on the federal level, um, there are proposed changes to the EPA affluent rule. Um, in January 2024, there were new federal affluent li..."
Speaker 223,2025-08-18T16:29:30.852,2025-08-18T16:30:28.436,130,medium,moderate pause (4.4s),"um, option 3, nutrient discharge limits affecting 40% or more of indirect dischargers, including many rural processors. What does this mean for the..."
Speaker 224,2025-08-18T16:30:35.052,2025-08-18T16:31:07.002,79,medium,moderate pause (6.6s),"So the opportunities for growth. within our industry is a broader investment of in New Mexico meat processing. Um, so again, workforce development,..."
Speaker 225,2025-08-18T16:31:13.086,2025-08-18T16:32:08.569,125,medium,moderate pause (6.1s),"just talk a little bit about the grant, um, so the goal of this grant was to address challenges related to meat byproduct, disposal and wastewater ..."
Speaker 227,2025-08-18T16:32:13.952,2025-08-18T16:32:15.502,9,medium,moderate pause (5.4s) + moderate speech pattern,Thank you very much. And next we have Michelle
Speaker 228,2025-08-18T16:32:19.619,2025-08-18T16:32:39.136,35,medium,moderate pause (4.1s),"Yeah um Madam Chair, committee members, um, I'm Michelle from New Mexico Association of Meat Processors. We're also associated now with the America..."
Speaker 229,2025-08-18T16:32:43.152,2025-08-18T16:32:45.169,13,medium,moderate pause (4.0s),"co-owner or major owner of A&M meat processing in Alamo Gorda, New Mexico."
Speaker 230,2025-08-18T16:32:49.186,2025-08-18T16:35:19.469,418,medium,moderate pause (4.0s),"I can, sorry. So, New Mexico amps, um, which is New Mexico, Association of Meat processors, um, acts as a united voice for small and mid-sized proc..."
Speaker 231,2025-08-18T16:35:24.652,2025-08-18T16:36:06.635,117,medium,moderate pause (5.2s),"repair support, so why we need state inspection. USD inspection is a critical service, but the process of bringing new plants under federal inspect..."
Speaker 232,2025-08-18T16:36:12.869,2025-08-18T16:37:08.202,127,medium,moderate pause (6.2s),"Under regulatory and zoning barriers, there's a 1000 ft residential buffer, which makes new sites and new expansions difficult. That law is NMSA 77..."
Speaker 233,2025-08-18T16:37:13.152,2025-08-18T16:40:26.702,527,medium,moderate pause (5.0s),"Wastewater, Nick kind of um pointed on this and so I'll, I'll briefly go over it. Um, costly treatment requirements with little technology to help ..."
Speaker 234,2025-08-18T16:40:31.452,2025-08-18T16:41:34.202,170,medium,moderate pause (4.8s),"Labor shortages, wage pressures, and funding in New Mexico. Few training programs for meat processing skills and equipment. We're, we have to go to..."
Speaker 235,2025-08-18T16:41:38.618,2025-08-18T16:42:59.168,225,medium,moderate pause (4.4s),cash flow this um cost of meat manufacturing in New Mexico. This is a good breakdown for you guys. Plants that are doing 10 to 15 animals a week. T...
Speaker 236,2025-08-18T16:43:05.152,2025-08-18T16:44:46.168,266,medium,moderate pause (6.0s),"Seasonal gaps taking work from processors, meeting requirements and pulling consumer consumers at risk. Game and fish enforcement allows meat seizu..."
Speaker 239,2025-08-18T16:44:49.418,2025-08-18T16:44:59.768,35,medium,minor pause (3.2s) + thank you transition,"Thank you, Madam Chair and committee members for letting me be here and talk. My name is John Richardson. My family owns and operates the slash Ran..."
Speaker 240,2025-08-18T16:45:03.985,2025-08-18T16:46:12.768,164,medium,moderate pause (4.2s),"about 70 miles west of TRC as a crow flies where a cow calf operator, we, uh, raise rangu and Angus beef and 3 little boys um, who are come in pret..."
Speaker 241,2025-08-18T16:46:17.485,2025-08-18T16:46:51.801,77,medium,moderate pause (4.7s),"really worked hard on the state inspection program and got that passed. uh. also appreciate the, the, uh, meat grant, the local meat grant. I think..."
Speaker 243,2025-08-18T16:46:57.985,2025-08-18T16:47:14.435,62,medium,moderate pause (6.2s),"Good afternoon and thank you, Madam Chair, members of the committee. uh, for the opportunity to share a few of my thoughts on the meat processing i..."
Speaker 244,2025-08-18T16:47:19.218,2025-08-18T16:47:43.401,88,medium,moderate pause (4.8s),"and back in 2019, we had the same realization as John. The, the economics of running the CalAP operation in New Mexico were kind of out of whack. W..."
Speaker 245,2025-08-18T16:47:45.485,2025-08-18T16:55:08.801,1447,medium,minor pause (2.1s) + thank you transition,"thanks to the, the security of this local meat business that we've established. She's been able to graduate from college and come home. She has a h..."
Speaker 246,2025-08-18T16:55:15.718,2025-08-18T16:55:51.068,85,medium,moderate pause (6.9s) + moderate speech pattern,"Thank you. Um, OK, we have this is a rather provoc provocative um presentation with its issues, um, depending on how many questions we have. We als..."
Speaker 247,2025-08-18T16:55:57.251,2025-08-18T16:58:21.001,445,medium,moderate pause (6.2s) + moderate speech pattern,"Thank you, Madam Chair, and thank you, um, presenters. I just, I think this is an area, food security. whether it's ending hunger or sustainable he..."
Speaker 248,2025-08-18T16:58:23.184,2025-08-18T16:58:26.334,8,high,pause (2.2s) + strong speech pattern,"Thank you. Uh, Representative Zamora, then Senator Cervantes."
Speaker 249,2025-08-18T16:58:30.017,2025-08-18T16:59:02.667,106,medium,minor pause (3.7s) + thank you transition,"Thank you, Madam Chair, and it's kind of sad to hear all the challenges we're facing. The amount of money that it takes to put one of these plants ..."
Speaker 250,2025-08-18T16:59:07.117,2025-08-18T17:00:30.134,231,medium,moderate pause (4.5s),"Somehow, the state of New Mexico has to still stand behind this and still make it work somehow. How do we get these places started where where they..."
Speaker 251,2025-08-18T17:00:34.651,2025-08-18T17:01:01.901,91,medium,moderate pause (4.5s),"It it wouldn't, they didn't, they didn't have enough money, they didn't, they couldn't have a way to hook it up to the grid, but if we all come tog..."
Speaker 252,2025-08-18T17:01:06.884,2025-08-18T17:01:28.901,68,medium,moderate pause (5.0s),"or financing or how do we make this deal work for New Mexico. It's not just important to the individuals, but it's important to the state. And, and..."
Speaker 255,2025-08-18T17:01:32.684,2025-08-18T17:01:34.501,9,medium,minor pause (3.8s) + thank you transition,"Thank you. I have Senator Cervantes, then Representative Armstrong."
Speaker 256,2025-08-18T17:01:36.951,2025-08-18T17:01:50.301,53,high,pause (2.5s) + strong speech pattern,"Senator Cervantes, thank you. Um, in 2024 we passed the meat inspection Act, Madam Chair. You're one sponsors and uh, I just want to know from the ..."
Speaker 257,2025-08-18T17:01:57.384,2025-08-18T17:02:04.534,24,medium,moderate pause (7.1s),"And if so, specifically, what, what shortcomings are there in the law we pass, Madam Chair, Senator Cervantes, and members of the committee, um"
Speaker 258,2025-08-18T17:02:08.95,2025-08-18T17:03:02.6,207,medium,moderate pause (4.4s),"truly are challenges or hurdles if, if you will, have been really just working with FSIS and USDA on legislation side and state side. It's more of ..."
Speaker 259,2025-08-18T17:03:02.917,2025-08-18T17:03:14.5,35,high,strong speech pattern,"Chair. Thank you. Thank you, Madam Chair and members of the committee. Thank you. And as the chair of judiciary had indicated, uh, he thought most ..."
Speaker 260,2025-08-18T17:03:17.517,2025-08-18T17:04:06.134,159,medium,minor pause (3.0s) + thank you transition,"thank you, Madam Chair, and, and I do want to publicly thank again Senator Cervantes for working so hard to get that passed. Also Belinda Garland. ..."
Speaker 261,2025-08-18T17:04:09.184,2025-08-18T17:04:28.867,51,medium,minor pause (3.0s) + thank you transition,"Thank you. I appreciate all of you coming today. Um, one of the points that I picked up from this is that there's a financial strain in trying to d..."
Speaker 262,2025-08-18T17:04:33.25,2025-08-18T17:04:38.034,22,medium,moderate pause (4.4s),"um, I just texted uh my beef grower and said, you're not charging enough for your beef. He's sitting in the audience."
Speaker 263,2025-08-18T17:04:42.717,2025-08-18T17:05:02.4,65,medium,moderate pause (4.7s),"so, um, but thank you very much and let's see what we can do about it. If you have specific proposals we're all happy to hear those specific propos..."
Speaker 264,2025-08-18T17:05:49.117,2025-08-18T17:05:56.5,27,high,major pause (46.7s),"OK, so we're gonna go ahead and get started. Um, we have Dave Dubois, Sam Ferna, and Debbie Hughes. So, um, Dave, why don't you go ahead?"
Speaker 265,2025-08-18T17:06:00.65,2025-08-18T17:11:20.367,1020,medium,moderate pause (4.2s),"This button, OK. Well, thank you, Madam Chair, members of the committee. I'm, I'm pleased to be here. Uh, this is, my name is Dave Dubois. I'm stat..."
Speaker 266,2025-08-18T17:11:24.683,2025-08-18T17:18:04.333,1317,medium,moderate pause (4.3s),"a statewide, um, we are just a bit, we're a bit above average, um, so, but it's not all, it's not equal as we're gonna see in a minute here. So her..."
Speaker 267,2025-08-18T17:18:08.583,2025-08-18T17:18:34.333,105,medium,moderate pause (4.2s),for NOA to go into to programs that everybody can see the National Weather Service can see for any of their programs. And then we're gonna shoot fo...
Speaker 268,2025-08-18T17:18:39.216,2025-08-18T17:19:00.199,19,medium,moderate pause (4.9s),"Great, thank you. Um, now we're going to, uh, Sam sorry."
Speaker 271,2025-08-18T17:19:07.149,2025-08-18T17:19:34.866,56,medium,moderate pause (7.0s),"Alrighty, I'm Sam Fernna, director of the New Mexico Water Resources Research Institute and I'll paraphrase this description of our mission. We are..."
Here Today To,2025-08-18T17:19:40.683,2025-08-18T17:20:11.599,74,medium,moderate pause (5.8s),"I'm here today to talk about the NMWRRI agricultural water resilience Program, Agwerp, as I fondly referred to it, um the AgWor program implements ..."
Speaker 273,2025-08-18T17:20:17.383,2025-08-18T17:21:25.099,143,medium,moderate pause (5.8s),"An overview of the program, the legislature appropriated 5 million in fiscal 26 for this program, 4.5 million will be made available for individual..."
Speaker 274,2025-08-18T17:21:31.366,2025-08-18T17:21:41.799,21,medium,moderate pause (6.3s),"Funds requested from NMWRI 8.57 million Matching funds offered by the proposers. voluntary matching funds, I should point out, 1.73 million"
Speaker 275,2025-08-18T17:21:46.916,2025-08-18T17:21:50.366,11,medium,moderate pause (5.1s),So the total program activity proposed 10.3 million for this program.
A Map That,2025-08-18T17:21:57.149,2025-08-18T17:22:34.533,91,medium,moderate pause (6.8s),"So this is a map that shows the spatial distribution of the applications to the program, and I think it's great, it shows it's not lined up along t..."
Speaker 277,2025-08-18T17:22:38.649,2025-08-18T17:24:14.732,207,medium,moderate pause (4.1s),And I might point out we just reviewed those this morning and we'll be conti conducting the panels more tomorrow. Here are the applications by cate...
Speaker 278,2025-08-18T17:24:19.249,2025-08-18T17:24:47.132,70,medium,moderate pause (4.5s),"but with less water, the same yield can be reached with less water using drip or efficient irrigation that delivers water directly to the plant roo..."
Speaker 279,2025-08-18T17:24:51.249,2025-08-18T17:25:11.666,42,medium,moderate pause (4.1s),"erosion, um, increase forage. and solar pumps and systems, these provide a reliable, cost-effective, environmentally friendly way to pump water, um..."
Speaker 280,2025-08-18T17:25:15.716,2025-08-18T17:25:28.232,34,medium,moderate pause (4.0s),"So finally, we'll use the 500k to run the entire program and also provide a water impact assessment. So this is the phase two of the program that'l..."
Speaker 281,2025-08-18T17:25:32.916,2025-08-18T17:26:17.666,97,medium,moderate pause (4.7s),"NMWI with researchers at New Mexico State University. um we'll assess the projects in terms of water efficiency and resilience, maintaining the wat..."
Speaker 282,2025-08-18T17:26:22.616,2025-08-18T17:26:33.966,32,medium,moderate pause (5.0s),will be announcing the project recipients August 29th and hope to have some. um. great information for you as this project goes along and there's m...
Speaker 283,2025-08-18T17:26:39.849,2025-08-18T17:26:40.399,8,high,pause (5.9s) + strong speech pattern,"Thank you. OK, going on to Debbie Hughes."
Speaker 284,2025-08-18T17:26:43.216,2025-08-18T17:31:18.799,892,medium,minor pause (2.8s) + thank you transition,"Thank you, Madam Chair, members of the committee. I'm going to be really short, but I've got my farmer and rancher hat on today. So, um, if um if y..."
Speaker 285,2025-08-18T17:31:23.115,2025-08-18T17:33:02.332,289,medium,moderate pause (4.3s) + moderate speech pattern,"Thank you. Go to questions we have representative Zamora, then Representative Cates. Anyone else? OK, Representative Samoa. Thank you, Madam Chair...."
Speaker 286,2025-08-18T17:33:06.615,2025-08-18T17:35:23.698,380,medium,moderate pause (4.3s),"Yes, um, thank you, Madam Chair and the rest of the committee and Representative Zamora, um, quickly answer that. So we are working with um RMA. We..."
Speaker 287,2025-08-18T17:35:25.815,2025-08-18T17:35:28.232,8,medium,minor pause (2.1s) + thank you transition,"thank you Madam Chair and and Dave, uh"
Speaker 288,2025-08-18T17:35:32.615,2025-08-18T17:35:41.132,30,medium,moderate pause (4.4s),"in the negotiations and then the talk that you had with the RMA, was any of the New Mexico congressional delegation involved in that? Uh, that was ..."
Speaker 289,2025-08-18T17:35:45.248,2025-08-18T17:39:02.065,583,medium,moderate pause (4.1s),"um, meaning, um, NMSU, myself, and RMA and NOA. So, um, I, like I said, we're not giving up and we may, uh, it'd be probably good to add other peop..."
Speaker 290,2025-08-18T17:39:06.915,2025-08-18T17:40:48.165,312,medium,moderate pause (4.8s),"to give you some insight as to how slow we can work at the legislature, so, so I think, I think that you, you need to plan ahead of time, a year or..."
Speaker 291,2025-08-18T17:40:51.115,2025-08-18T17:41:22.065,85,medium,minor pause (3.0s) + thank you transition,"Thank you, Chair, and, and thank you also for your presentation and I wholeheartedly agree with Representative Zamora. If you need funding in 2 or ..."
Speaker 292,2025-08-18T17:41:27.481,2025-08-18T17:41:31.931,20,medium,moderate pause (5.4s),"on slide 2 or slide 3 if we don't do the, the title slide, so, um, this is for uh"
Speaker 293,2025-08-18T17:41:37.115,2025-08-18T17:41:57.931,47,medium,moderate pause (5.2s),"uh the the uh Dave Dubois is the dark red up top. Is that basically like from cochiity to Socorro, the, the, the, the high drought. Is it that foll..."
Speaker 294,2025-08-18T17:42:02.915,2025-08-18T17:43:50.998,310,medium,moderate pause (5.0s),"man chair, um, the D4 in that, in that map is the is the worst case uh drought, and it's mainly in the um far southwest, right, I'm, I'm talking ab..."
Speaker 295,2025-08-18T17:43:51.481,2025-08-18T17:45:08.165,187,high,strong speech pattern,"that's good to know. Thank you. So then, um, then on this report, I am asking when you say um qualifications for you had 61 applications, qualifica..."
Speaker 296,2025-08-18T17:45:13.081,2025-08-18T17:45:29.798,42,medium,moderate pause (4.9s),"I would also respectfully ask whether or not um New Mexico State is interested in measuring what I would call man-made. It's not, I can't use the w..."
Speaker 297,2025-08-18T17:45:34.715,2025-08-18T17:45:49.731,37,medium,moderate pause (4.9s),"in watersheds, Zakia, siphons, they've caused drought that is not on precipitation, but it is cause that is also affecting our agricultural communi..."
Speaker 299,2025-08-18T17:45:55.181,2025-08-18T17:46:06.165,39,medium,moderate pause (5.5s),"OK, uh thank you very much for the final presentation of today. I appreciate your waiting around and uh please do get ready any requests that you h..."
Speaker 300,2025-08-18T17:46:06.515,2025-08-18T17:46:27.598,60,high,strong speech pattern,"minute. Thank you. Committee members, you are invited to join all of our sponsors, and I will read through the sponsors tomorrow morning. Um, at th..."
